sample	chrom	reg_start	reg_end	reg_pos	lg_pd_mean	pd_mean	first_pos_start	last_pos_end	reg_reads	pos_cov_mean	pos_len_mean	pos_len_sum	reg_len	chrom_len	p_expected	p_observed	fold_enrichment	log_ratio	p_value
sv.B3a_S138	CAXWAE020000005.1	0	4559000	12	5.3341	215824.1305368864	659956	4254294	27	2.25	184.66666666666666	2216	4559000	4559000	0.0020477573109033537	0.0008219741078156038	0.4014021111969542	-0.3964203476463005	0.9999324781062039
sv.B3a_S138	CAXWAE020000011.1	0	3331000	43	3.8587	7222.707043121718	1080821	2224894	254	5.906976744186046	229.32558139534885	9861	3331000	3331000	0.0014961788994558173	0.00294540721967258	1.968619675590846	0.2941618213964466	4.035095940438794e-05
sv.B3a_S138	CAXWAE020000012.1	0	274158	29	3.6892	4888.774438941448	36524	263793	218	7.517241379310345	243.0344827586207	7048	274158	3298744	0.00012314302453227496	0.0019864374272210426	16.13114047479328	1.2076650731794196	4.743551880980897e-25
sv.B3a_S138	CAXWAE020000012.1	274159	865482	163	3.1089	1284.9907458229548	274159	865482	1396	8.56441717791411	262.6196319018405	42807	591323	3298744	0.0002656034210035762	0.01116514829782862	42.036914493199575	1.6236308313392034	3.831758189142871e-198
sv.B3a_S138	CAXWAE020000012.1	865483	3298744	281	3.589	3881.5036599064824	870548	3291547	1130	4.0213523131672595	241.60142348754448	67890	2433261	3298744	0.0010929431897534559	0.019247893691348723	17.611065123788023	1.245785623053874	2.4801829951292052e-238
sv.B3a_S138	CAXWAE020000014.1	0	652886	2	5.1556	143086.94127493387	462569	609783	4	2.0	161.0	322	652886	3200000	0.00029325555597421515	0.00013699568463593396	0.4671546091627313	-0.3305393618456248	0.9270125266032903
sv.B3a_S138	CAXWAE020000014.1	652887	901437	22	3.6807	4794.021749415102	652887	901437	240	10.909090909090908	264.77272727272725	5825	248550	3200000	0.00011164072814762635	0.0015069525309952736	13.498232732794243	1.1302769118552252	8.600636971790204e-18
sv.B3a_S138	CAXWAE020000014.1	901438	3200000	28	4.6292	42579.44535825967	917900	3172820	84	3.0	196.32142857142858	5497	2298562	3200000	0.0010324406975355635	0.0019179395849030756	1.857675302301816	0.26896980721325187	0.0018246875954225626
sv.B3a_S138	CAXWAE020000016.1	0	2788000	20	4.7765	59772.304468869996	231325	2711095	82	4.1	198.5	3970	2788000	2788000	0.0012522806279444065	0.0013699568463593397	1.0939695271083898	0.03900522474604642	0.37423012316844906
sv.B3a_S138	CAXWAE020000051.1	0	1280092	25	4.2699	18616.58424613786	23317	1249258	181	7.24	252.96	6324	1280092	1280092	0.0005749764754614819	0.0017124460579491746	2.9782889057760986	0.47396682373805166	2.6616912807930367e-06
sv.B3a_S138	CAXWAE020000084.1	0	815425	15	4.212	16292.960326397215	81638	699657	127	8.466666666666667	258.8666666666667	3883	815425	815425	0.00036626288774805157	0.0010274676347695048	2.8052736685576756	0.4479752352702333	0.0004494854980900035
sv.B3a_S138	CAXWAE020000090.1	0	774774	11	4.5257	33550.57749988974	310860	751946	25	2.272727272727273	22.545454545454547	248	774774	774774	0.0003480037558231706	0.0007534762654976368	2.1651383150028325	0.33548564550405074	0.01519798944070323
sv.B3a_S138	CAXWAE020000363.1	0	84000	17	3.2901	1950.2936197623048	1140	82231	60	3.5294117647058822	243.11764705882354	4133	84000	84000	3.773011934983148e-05	0.0011644633194054386	30.862964111207873	1.489437633824429	6.555271134355836e-20
sv.B3a_S138	CAXWAE020000409.1	0	65427	11	3.4181	2618.7859365475556	34526	63701	52	4.7272727272727275	232.9090909090909	2562	65427	65427	2.9387720460731237e-05	0.0007534762654976368	25.63915314576558	1.4089036764554062	1.5281043402610285e-12
sv.B3a_S138	OZ183624.2	0	231334465	1592	4.8206	66160.6860555999	649389	231035235	6603	4.147613065326633	30.50565326633166	48565	231334465	231334465	0.10390805921642157	0.10904856497020343	1.0494716751765627	0.020970721641123385	0.02215609716851516
sv.B3a_S138	OZ183625.2	0	206948852	1573	4.8187	65871.87112819278	841750	206717166	8490	5.397329942784488	29.511125238397966	46421	206948852	206948852	0.09295482006274536	0.10774710596616206	1.1591341459585611	0.06413369953418298	9.385661838254003e-10
sv.B3a_S138	OZ183626.2	0	212178734	1507	4.8405	69262.79294373626	177798	211660154	6311	4.187790311877903	29.66821499668215	44710	212178734	212178734	0.09530391615852554	0.10322624837317625	1.0831270375235467	0.034679397031472436	0.0006616369221544285
sv.B3a_S138	OZ183627.2	0	26601756	111	4.9951	98878.0743626928	523233	26327808	449	4.045045045045045	25.18918918918919	2796	26601756	112351688	0.01194865986660828	0.007603260497294336	0.6363274695384379	-0.19631932835663943	0.9999999044846476
sv.B3a_S138	OZ183627.2	26601757	26602110	4	1.5717	37.29924147524736	26601757	26602110	14	3.5	55.25	221	353	112351688	1.585563348867918e-07	0.0002739913692718679	1728.0379838969916	3.2375532844481767	1.1935293469843597e-12
sv.B3a_S138	OZ183627.2	26602111	112351688	701	4.8033	63576.995452718664	27008891	112175058	3063	4.369472182596291	28.398002853067048	19907	85749577	112351688	0.038515973504851954	0.048016987464894856	1.2466772379217168	0.09575403011579371	4.794489928262118e-09
sv.B3a_S138	OZ183628.2	0	117723036	773	4.8557	71729.86277567086	130595	117492782	3485	4.508408796895213	30.57438551099612	23634	117723036	117723036	0.05287743093457747	0.052948832111788476	1.0013503147930796	0.000586038684100627	0.48980061250670714
sv.B3a_S138	OZ183629.2	0	106774127	792	4.8225	66450.76729077792	20705	106371016	3186	4.0227272727272725	34.75252525252525	27524	106774127	106774127	0.0479595304188579	0.05425029111582985	1.1311681044837418	0.053527150835780836	0.0002562121831166263
sv.B3a_S138	OZ183630.2	0	100879271	652	4.8465	70226.33437357638	2394760	100500284	3214	4.929447852760736	32.48159509202454	21178	100879271	100879271	0.045311749223261824	0.04466059319131448	0.9856294218804278	-0.006286340924778032	0.6528723747072263
sv.B3a_S138	OZ183631.2	0	95320580	715	4.7949	62359.12317626269	7240	93714392	2696	3.7706293706293708	38.9020979020979	27815	95320580	95320580	0.04281496261779951	0.048975957257346395	1.1438981669689832	0.05838736406196352	0.00016907015600632652
sv.B3a_S138	OZ183632.2	0	87136867	666	4.8119	64848.50971441375	2171404	86851758	2918	4.381381381381382	30.48048048048048	20300	87136867	87136867	0.03913909990095704	0.04561956298376601	1.1655751690562128	0.06654028682581947	4.36025751310228e-05
sv.B3a_S138	OZ183633.2	0	79618381	530	4.844	69823.24040771718	276644	78257741	1957	3.6924528301886794	30.713207547169812	16278	79618381	79618381	0.0357620359234566	0.036303856428522505	1.0151507175437549	0.006530525932273928	0.3682872878371857
sv.B3a_S138	OZ183634.2	0	79180592	574	4.8285	67375.18954705828	1347	77087977	3298	5.7456445993031355	31.614982578397214	18147	79180592	79180592	0.03556539507559894	0.039317761490513047	1.105506108028266	0.043561146440416164	0.008345006115442772
sv.B3a_S138	OZ183635.2	0	74345968	560	4.8364	68611.98752817062	37369	73023003	2363	4.2196428571428575	28.507142857142856	15964	74345968	74345968	0.033393836259747046	0.03835879169806151	1.148678798078052	0.06019860508172699	0.0005796407817905018
sv.B3a_S138	OZ183636.2	0	67855162	476	4.812	64863.44335482388	824684	67775975	2148	4.512605042016807	32.64705882352941	15540	67855162	67855162	0.03047837334240654	0.03260497294335228	1.069774051818798	0.029292059544620504	0.07183046075648966
sv.B3a_S138	OZ183637.2	0	57730112	435	4.832	67920.36326171843	59132	55393325	1837	4.222988505747127	30.117241379310343	13101	57730112	57730112	0.02593052399808498	0.029796561408315637	1.149092143703543	0.06035485540497883	0.0021495134158396943
sv.B3a_S138	OZ183638.2	0	56849043	418	4.8605	72527.04780912472	79235	54912541	1640	3.923444976076555	28.363636363636363	11856	56849043	56849043	0.02553477592040121	0.0286320980889102	1.1212981926359635	0.04972112213561487	0.010420957250842704
sv.B3a_S138	OZ183639.2	0	1673310	11	3.8567	7189.52171866639	490591	1673310	94	8.545454545454545	32.45454545454545	357	1673310	54502275	0.0007515974524912679	0.0007534762654976368	1.0024997596787235	0.0010842771822779983	0.5368766074389456
sv.B3a_S138	OZ183639.2	1673311	54502275	389	4.8097	64520.83809019733	1799239	53897012	1714	4.406169665809768	31.604113110539846	12294	52828964	54502275	0.023729084724380362	0.026645660661689156	1.1229114384809022	0.05034550577551781	0.012112474726073644
sv.B3a_S138	OZ183640.2	0	52478002	364	4.8385	68944.55931709222	137614	52353282	1772	4.868131868131868	38.23076923076923	13916	52478002	52478002	0.02357144379405589	0.024933214603739984	1.057772057646613	0.024392090410164338	0.14539276834552423
sv.B3a_S138	OZ183641.2	0	52743892	369	4.8314	67826.59260153637	2543684	52706792	1555	4.21409214092141	28.26287262872629	10429	52743892	52743892	0.02369087309684073	0.025275703815329818	1.066896256292911	0.028122191205151748	0.1097850436829435
sv.B3a_S138	OZ183642.2	0	42979467	350	4.8157	65418.4123569238	153051	42884099	1405	4.014285714285714	30.31142857142857	10609	42979467	42979467	0.019305004994073133	0.023974244811288445	1.2418668018293093	0.09407501747287804	4.178283690083266e-05
sv.B3a_S138	OZ183643.2	0	29885044	28	5.3701	234476.86561014754	164179	29779660	158	5.642857142857143	27.142857142857142	760	29885044	29885044	0.013423408058273393	0.0019179395849030756	0.14288022658455737	-0.8450278697353095	1.0
sv.B3a_S138	OZ183644.2	0	29388909	185	4.8303	67655.01583068968	195605	28114779	944	5.102702702702703	31.216216216216218	5775	29388909	29388909	0.013200560049182576	0.012672100828823892	0.9599669091016022	-0.017743737212792373	0.7217670117864021
sv.B3a_S138	OZ183645.2	0	14526857	94	4.7994	63008.624656644	53475	13732279	443	4.712765957446808	31.0531914893617	2919	14526857	14526857	0.006525000576046843	0.006438797177888897	0.9867887524064907	-0.005775809319750315	0.565266502733762
sv.B3a_S138	OZ183646.2	0	1754376	8	5.1567	143449.81747905334	60277	1298212	24	3.0	24.75	198	1754376	9179381	0.0007880097126723803	0.0005479827385437359	0.695400995357481	-0.1577646920278651	0.8865821426009773
sv.B3a_S138	OZ183646.2	1754377	1879248	7	4.0788	11989.470404794209	1754377	1879248	13	1.8571428571428572	30.571428571428573	214	124871	9179381	5.608806825396198e-05	0.0004794848962257689	8.548786063636605	0.9319044488458196	2.3995082619490625e-05
sv.B3a_S138	OZ183646.2	1879249	9179381	36	5.0927	123794.11516551039	2058537	9075516	147	4.083333333333333	33.22222222222222	1196	7300132	9179381	0.0032789863289229043	0.0024659223234468116	0.7520380007978955	-0.12376021377024396	0.9679978947716134
