sample	chrom	reg_start	reg_end	reg_pos	lg_pd_mean	pd_mean	first_pos_start	last_pos_end	reg_reads	pos_cov_mean	pos_len_mean	pos_len_sum	reg_len	chrom_len	p_expected	p_observed	fold_enrichment	log_ratio	p_value
sv.B3a_S138	CAXWAE020000012.1	865483	3298744	281	3.589	3881.5036599064815	870548	3291547	1130	4.02135231316726	241.60142348754448	67890	2433261	3298744	0.0010929431897534	0.0192478936913487	17.611065123788023	1.245785623053874	2.480182995129205e-238
sv.B3a_S138	CAXWAE020000012.1	274159	865482	163	3.1089	1284.9907458229548	274159	865482	1396	8.56441717791411	262.6196319018405	42807	591323	3298744	0.0002656034210035	0.0111651482978286	42.036914493199575	1.6236308313392034	3.831758189142871e-198
sv.B3a_S138	CAXWAE020000012.1	0	274158	29	3.6892	4888.774438941448	36524	263793	218	7.517241379310345	243.0344827586207	7048	274158	3298744	0.0001231430245322	0.001986437427221	16.13114047479328	1.2076650731794196	4.743551880980897e-25
sv.B3a_S138	CAXWAE020000363.1	0	84000	17	3.2901	1950.2936197623048	1140	82231	60	3.5294117647058822	243.11764705882356	4133	84000	84000	3.773011934983148e-05	0.0011644633194054	30.862964111207877	1.489437633824429	6.555271134355836e-20
sv.B3a_S138	CAXWAE020000014.1	652887	901437	22	3.6807	4794.021749415102	652887	901437	240	10.909090909090908	264.77272727272725	5825	248550	3200000	0.0001116407281476	0.0015069525309952	13.498232732794245	1.1302769118552252	8.600636971790204e-18
sv.B3a_S138	CAXWAE020000409.1	0	65427	11	3.4181	2618.785936547556	34526	63701	52	4.727272727272728	232.9090909090909	2562	65427	65427	2.938772046073124e-05	0.0007534762654976	25.63915314576558	1.4089036764554062	1.5281043402610285e-12
sv.B3a_S138	CAXWAE020000051.1	0	1280092	25	4.2699	18616.58424613786	23317	1249258	181	7.24	252.96	6324	1280092	1280092	0.0005749764754614	0.0017124460579491	2.9782889057760986	0.4739668237380516	2.6616912807930367e-06
sv.B3a_S138	CAXWAE020000011.1	0	3331000	43	3.8587	7222.707043121718	1080821	2224894	254	5.906976744186046	229.32558139534885	9861	3331000	3331000	0.0014961788994558	0.0029454072196725	1.968619675590846	0.2941618213964466	4.035095940438794e-05
sv.B3a_S138	CAXWAE020000084.1	0	815425	15	4.212	16292.960326397217	81638	699657	127	8.466666666666667	258.8666666666667	3883	815425	815425	0.000366262887748	0.0010274676347695	2.805273668557676	0.4479752352702333	0.00044948549809
sv.B3a_S138	CAXWAE020000014.1	901438	3200000	28	4.6292	42579.44535825967	917900	3172820	84	3.0	196.32142857142856	5497	2298562	3200000	0.0010324406975355	0.001917939584903	1.857675302301816	0.2689698072132518	0.0018246875954225
sv.B3a_S138	CAXWAE020000090.1	0	774774	11	4.5257	33550.57749988974	310860	751946	25	2.272727272727273	22.545454545454547	248	774774	774774	0.0003480037558231	0.0007534762654976	2.1651383150028325	0.3354856455040507	0.0151979894407032
sv.B3a_S138	CAXWAE020000016.1	0	2788000	20	4.7765	59772.30446887	231325	2711095	82	4.1	198.5	3970	2788000	2788000	0.0012522806279444	0.0013699568463593	1.0939695271083898	0.0390052247460464	0.374230123168449
sv.B3a_S138	CAXWAE020000014.1	0	652886	2	5.1556	143086.94127493387	462569	609783	4	2.0	161.0	322	652886	3200000	0.0002932555559742	0.0001369956846359	0.4671546091627313	-0.3305393618456248	0.9270125266032904
sv.B3a_S138	CAXWAE020000005.1	0	4559000	12	5.3341	215824.1305368864	659956	4254294	27	2.25	184.66666666666663	2216	4559000	4559000	0.0020477573109033	0.0008219741078156	0.4014021111969542	-0.3964203476463005	0.999932478106204
